{
    "original_model": {
        "brier_score": 0.01349130157985183,
        "log_loss": 0.04949365153201938,
        "optimal_thresholds": {
            "accuracy": 0.44,
            "precision": 0.8200000000000001,
            "recall": 0.01,
            "f1": 0.44
        }
    },
    "calibrated_model": {
        "method": "sigmoid",
        "brier_score": 0.010993909839390257,
        "log_loss": 0.038400757681695825,
        "brier_improvement": 18.51112530307103,
        "log_loss_improvement": 22.412761045014282,
        "optimal_thresholds": {
            "accuracy": 0.18,
            "precision": 0.9400000000000001,
            "recall": 0.01,
            "f1": 0.18
        }
    }
}