{
    "feature_importance": {
        "top_features": [
            "patient_prop_nbe_0",
            "patient_prop_nbe_1",
            "days_since_accident",
            "nbe_same_as_prev",
            "prev_nbe"
        ],
        "top_importance_values": [
            0.21690759857597383,
            0.0868599829874369,
            0.022684743617295517,
            0.020054542574373387,
            0.013201086451354756
        ],
        "directions": [
            "Negative",
            "Positive",
            "Positive",
            "Positive",
            "Negative"
        ]
    },
    "probability_calibration": {
        "original_brier_score": 0.7931769840650685,
        "calibrated_brier_score": 0.010993909839390257,
        "improvement_percent": 18.51112530307103,
        "calibration_method": "sigmoid"
    }
}